iter	MultiClass
0	1.708799213
1	1.542922624
2	1.404629508
3	1.294666524
4	1.206557169
5	1.123067838
6	1.054164927
